id,nome,idade,cidade,salario
1,Ana Silva,28,Sao Paulo,5000
2,Carlos Santos,34,Rio de Janeiro,6200
3,Maria Oliveira,29,Belo Horizonte,4800
4,Joao Pereira,42,Porto Alegre,7100
5,Lucia Fernandes,31,Salvador,5500
